pitcherFirstName,pitcherLastName,f0_,seasonType,year
Albertin,Chapman,96.514112903225822,REG,2016
Zachary,Britton,94.59103908484272,REG,2016
Trevor,Rosenthal,94.2139534883721,REG,2016
Jose,Torres,94.103448275862078,REG,2016
Tayron,Guerrero,93.86363636363636,REG,2016
Brian,Ellington,93.749565217391265,REG,2016
Carlos,Estevez,93.715257531584058,REG,2016
Jorge,Rondon,93.475000000000023,REG,2016
Thomas,Kahnle,93.2614770459082,REG,2016
Patrick,Schultz,93.160305343511453,REG,2016
Arquimedes,Caminero,93.140459363957632,REG,2016
Mauricio,Cabrera,92.776611694152933,REG,2016
Jose,Dominguez,92.750000000000014,REG,2016
Craig,Kimbrel,92.6635021097046,REG,2016
Jeurys,Familia,92.636006289308142,REG,2016
Pedro,Baez,92.558970099667818,REG,2016
Jon,Chargois,92.4794520547945,REG,2016
Samuel,Dyson,92.031999999999954,REG,2016
Jandel,Gustave,92.0123966942149,REG,2016
Koda,Glover,91.971153846153868,REG,2016
Samuel,Tuivailala,91.881516587677751,REG,2016
Joshua,Ravin,91.8791946308725,REG,2016
Enny,Romero,91.7901840490798,REG,2016
Daniel,Altavilla,91.7401129943503,REG,2016
Roberto,Osuna,91.636842105263071,REG,2016
Matthew,Bush,91.607105538140047,REG,2016
Blake,Treinen,91.599206349206341,REG,2016
Hunter,Strickland,91.597490347490265,REG,2016
Damien,Magnifico,91.581818181818193,REG,2016
Dennis,Tepera,91.559726962457347,REG,2016
Jacob,Diekman,91.559574468085145,REG,2016
James,Paxton,91.556006082108468,REG,2016
Bruce,Rondon,91.523560209424119,REG,2016
Edwin,Diaz,91.328621908127218,REG,2016
Zachary,McAllister,91.306866952789761,REG,2016
Nefi,Ogando,91.301724137931046,REG,2016
Joshua,Osich,91.292517006802726,REG,2016
Sean,Doolittle,91.223509933774849,REG,2016
Austin,Adams,91.20872274143305,REG,2016
Kenneth,Giles,91.1859430604982,REG,2016
Kelvin,Herrera,91.183123877917453,REG,2016
Noah,Syndergaard,91.062953197099546,REG,2016
Jose,Urena,91.043418332184771,REG,2016
Neftali,Feliz,91.022012578616327,REG,2016
Nathan,Jones,91.001941747572886,REG,2016
Aaron,Sanchez,90.983108108108041,REG,2016
Jason,Hursh,90.938775510204053,REG,2016
John,Axford,90.823817292006481,REG,2016
Tanner,Scheppers,90.803149606299215,REG,2016
Jose,Diaz,90.78443877551021,REG,2016
Wandy,Peralta,90.72388059701494,REG,2016
Jeremy,Jeffress,90.649262202043062,REG,2016
Joseph,Kelly,90.6366047745358,REG,2016
Miguel,Castro,90.597510373444,REG,2016
Dustin,McGowan,90.486806187443165,REG,2016
Luis,Severino,90.476556495003834,REG,2016
Jacob,Barnes,90.449029126213546,REG,2016
Branden,Pinder,90.444444444444457,REG,2016
Jhan,Marinez,90.409465020576135,REG,2016
Wade,Davis,90.397260273972663,REG,2016
Juan,Ramirez,90.370428015564187,REG,2016
Carl,Edwards,90.369255150554665,REG,2016
Daniel,Hudson,90.336572438162491,REG,2016
Hansel,Robles,90.32186379928315,REG,2016
Bryan,Shaw,90.317365269461135,REG,2016
Kenley,Jansen,90.308139534883722,REG,2016
Brandon,Kintzler,90.298932384341668,REG,2016
Samuel,Freeman,90.266666666666666,REG,2016
Hector,Rondon,90.259627329192526,REG,2016
Anthony,Watson,90.231428571428523,REG,2016
Alexander,Colome,90.2102857142857,REG,2016
Juan,Minaya,90.172222222222217,REG,2016
Arodys,Vizcaino,90.1422764227642,REG,2016
Vincent,Mazzaro,90.111111111111114,REG,2016
Jacob,McGee,90.062573789846539,REG,2016
Kevin,McCarthy,89.9824561403509,REG,2016
Christopher,Archer,89.933680857225482,REG,2016
Joseph,Colon,89.904761904761912,REG,2016
Shae,Simmons,89.89320388349519,REG,2016
Stephen,Strasburg,89.892695006190635,REG,2016
Jacob,Petricka,89.8625,REG,2016
Jason,Motte,89.847639484978529,REG,2016
Dellin,Betances,89.8360914105595,REG,2016
Garrett,Richards,89.832543443917828,REG,2016
Steven,Delabar,89.789772727272734,REG,2016
Raymond,Hunter,89.780241935483843,REG,2016
Michael,Feliz,89.771823681936027,REG,2016
Jake,Barrett,89.766220391349108,REG,2016
Daniel,Salazar,89.763546798029623,REG,2016
Joely,Rodriguez,89.756578947368453,REG,2016
David,Goforth,89.725490196078439,REG,2016
Ashur ,Tolliver,89.669811320754732,REG,2016
Dylan,Floro,89.611111111111114,REG,2016
Avery,Morris,89.609154929577457,REG,2016
Percival,Garner,89.59999999999998,REG,2016
Michael,Mayers,89.553719008264437,REG,2016
Yordano,Ventura,89.519522426589177,REG,2016
Blake,Wood,89.5,REG,2016
Jonathan,Broxton,89.499023437500028,REG,2016
Chin-Hui,Tsao,89.486486486486484,REG,2016
Robert,Webb,89.481481481481481,REG,2016
Michael,Ynoa,89.44945848375454,REG,2016
Johnathan,Graham,89.434782608695642,REG,2016
Eduardo,Rodriguez,89.423710792131828,REG,2016
Brandon,Maurer,89.373387096774223,REG,2016
Addison,Reed,89.329743164871616,REG,2016
Felipe,Rivero,89.328549848942657,REG,2016
Gonzalez,Germen,89.28246318607755,REG,2016
Kevin,Gausman,89.275862068965566,REG,2016
Trevor,Gott,89.264705882352942,REG,2016
Michael,Fulmer,89.246153846153888,REG,2016
Reynaldo,Lopez,89.2223587223587,REG,2016
Lucas,Giolito,89.204488778054881,REG,2016
Jose,Fernandez,89.178141711229941,REG,2016
Robert,Ray,89.124999999999986,REG,2016
Enrique,Burgos,89.072751322751316,REG,2016
Carlos,Rodon,89.055575096728759,REG,2016
Chad,Green,89.0494699646643,REG,2016
Matthew,Koch,89.046610169491515,REG,2016
Michael,Lorenzen,89.029224904701422,REG,2016
Chien-Ming,Wang,89.028436018957322,REG,2016
Cameron,Bedrosian,89.02827380952381,REG,2016
Matthew,Barnes,89.021809369951555,REG,2016
Jacob,deGrom,89.0142557651993,REG,2016
Alex,Reyes,88.975520195838413,REG,2016
Alex,Meyer,88.934426229508219,REG,2016
James,Hoyt,88.933333333333323,REG,2016
Kendry,Flores,88.932203389830519,REG,2016
Joseph,Biagini,88.931338028169037,REG,2016
Gerrit,Cole,88.919700748129685,REG,2016
Christopher,Beck,88.913684210526313,REG,2016
James,Henderson,88.884730538922156,REG,2016
Jacob,Turner,88.882226980728049,REG,2016
Justin,Miller,88.87755102040822,REG,2016
Carlos,Frias,88.865384615384627,REG,2016
James ,Pazos,88.86440677966101,REG,2016
Brian,Flynn,88.860267314702341,REG,2016
Carlos,Martinez,88.857189119171025,REG,2016
Tyler,Chatwood,88.83947266382323,REG,2016
Anthony,Cingrani,88.830567685589543,REG,2016
Joaquin,Benoit,88.817535545023659,REG,2016
Nathan,Eovaldi,88.815074906367073,REG,2016
Marcus,Stroman,88.803696622052229,REG,2016
Matthew,Thornton,88.796491228070153,REG,2016
Brad,Brach,88.777777777777828,REG,2016
Edwin,Escobar,88.758314855875852,REG,2016
Justin,Wilson,88.755298651252417,REG,2016
Shawn,Armstrong,88.7450980392157,REG,2016
Chad,Kuhl,88.697177074422541,REG,2016
Liam,Hendriks,88.685102586975873,REG,2016
Jacob,Arrieta,88.67518703241889,REG,2016
Timothy,Butler,88.663321167883254,REG,2016
Evan,Marshall,88.660377358490578,REG,2016
James,Happ,88.6521596858638,REG,2016
Adam,Loewen,88.634920634920618,REG,2016
Jonathan,Gray,88.628232005590533,REG,2016
Steven,Geltz,88.613247863247864,REG,2016
Conor,Mullee,88.6,REG,2016
Corey,Kluber,88.594803587998925,REG,2016
Michael,Dunn,88.593243243243208,REG,2016
Logan,Ondrusek,88.57258064516131,REG,2016
Jeffrey,Samardzija,88.561790861698867,REG,2016
Thomas,Pressly,88.538645418326638,REG,2016
Keone,Kela,88.536809815950917,REG,2016
Juan,Nicasio,88.536290322580712,REG,2016
Kelvin,Marte,88.5344827586207,REG,2016
Maxwell,Scherzer,88.48995873452543,REG,2016
Jack,Shuck,88.461538461538467,REG,2016
Jonathan,Lester,88.4548306148056,REG,2016
Dennis,Wright,88.434980988593111,REG,2016
Ryan,Buchter,88.421372719374418,REG,2016
Lance,McCullers,88.41789940828393,REG,2016
John,Barbato,88.415254237288124,REG,2016
Robert,Gsellman,88.396174863387969,REG,2016
Jose,Valdez,88.395121951219508,REG,2016
Jo-Jo,Reyes,88.388888888888886,REG,2016
Cody,Allen,88.38601036269435,REG,2016
Adam,Ottavino,88.3777292576419,REG,2016
Richard,Hembree,88.375283446712046,REG,2016
William,Hughes,88.369819341126458,REG,2016
Tyler,Thornburg,88.35893011216568,REG,2016
Kyle,Barraclough,88.349042709867462,REG,2016
Patrick,Light,88.34864864864862,REG,2016
Michael,Foltynewicz,88.3480459770116,REG,2016
Wily,Peralta,88.309372156505916,REG,2016
Robert,Ross Jr.,88.301848049281247,REG,2016
Andrew,Faulkner,88.282258064516114,REG,2016
Pedro,Strop,88.274965800273563,REG,2016
Jeffrey,Wendelken,88.270072992700761,REG,2016
Matthew,Garza,88.263768115942113,REG,2016
Nicholas,Wittgren,88.262543757292917,REG,2016
Jesse,Chavez,88.25724319578579,REG,2016
Mychal,Givens,88.254275092936822,REG,2016
Alec,Mills,88.244186046511629,REG,2016
David,Rollins,88.22513089005237,REG,2016
Jacob,Smith,88.192982456140356,REG,2016
Daniel,Otero,88.18507462686577,REG,2016
Andrew,Cashner,88.181296144380568,REG,2016
Daniel,Duffy,88.132374100719375,REG,2016
Logan,Kensing,88.1038961038961,REG,2016
Ben,Heller,88.081871345029242,REG,2016
Mark,Melancon,88.07810993249764,REG,2016
Shelby,Miller,88.077746478873223,REG,2016
Anthony,Swarzak,88.070281124498,REG,2016
Michael,Pineda,88.069970845481,REG,2016
Cody,Hall,88.043478260869549,REG,2016
Severino,Gonzalez,88.022580645161284,REG,2016
Shane,Greene,88.005994005994026,REG,2016
Ryan,Madson,88.002906976744171,REG,2016
Kevin,Jepsen,88.001121076233161,REG,2016
Yimi,Garcia,87.977099236641237,REG,2016
Seung-Hwan,Oh,87.972850678733,REG,2016
Josh,Smoker,87.965779467680576,REG,2016
Jose,Ramirez,87.95439189189193,REG,2016
David,Phelps,87.941252420916754,REG,2016
Jordan,Lyles,87.934493346980517,REG,2016
James,Nelson,87.93324649951164,REG,2016
Fernando,Rodriguez,87.928257686676417,REG,2016
John,Younginer IV,87.926666666666648,REG,2016
Luis,Perdomo,87.924317617865924,REG,2016
Casey,Fien,87.905185185185175,REG,2016
Robert,Parnell,87.9029126213592,REG,2016
Dustin,Antolin,87.8809523809524,REG,2016
Michael,Tonkin,87.870481927710841,REG,2016
Grant,Dayton,87.854430379746816,REG,2016
David,Price,87.831590533847,REG,2016
Junior,Guerra,87.8307045215563,REG,2016
Luis,Garcia,87.8,REG,2016
Francisco,Liriano,87.758730158730089,REG,2016
Cody,Anderson,87.726377952755911,REG,2016
Silvino,Bracho,87.721276595744627,REG,2016
David,Hatcher,87.702366127023623,REG,2016
Joshua,Fields,87.684380032206093,REG,2016
Spencer,Patton,87.683417085427124,REG,2016
Curtis,Ohlendorf,87.653813196229621,REG,2016
Mark,Lowe,87.649659863945558,REG,2016
Sonny,Gray,87.648390342052352,REG,2016
Matthew,Harvey,87.621019108280237,REG,2016
Timothy,McFarland,87.6077922077922,REG,2016
Taijuan,Walker,87.59857082807909,REG,2016
Keith,Hessler,87.593380614657235,REG,2016
Luis,Cessa,87.586206896551673,REG,2016
Trevor,May,87.569266589057065,REG,2016
Robert,Stephenson,87.563685636856391,REG,2016
Robert,Scahill,87.536178107606688,REG,2016
Carlos,Carrasco,87.532299741602145,REG,2016
Raul,Alcantara,87.526717557251871,REG,2016
Andrew,Miller,87.492627927146572,REG,2016
Trevor,Williams,87.4913043478261,REG,2016
Mayckol,Guaipe,87.48360655737703,REG,2016
Felix,Pena,87.4705882352941,REG,2016
Matthew,Purke,87.465671641791033,REG,2016
Daniel,Norris,87.464811783960741,REG,2016
Kendall,Graveman,87.450000000000117,REG,2016
Daniel,Barnes,87.4449152542373,REG,2016
Carson,Smith,87.4285714285714,REG,2016
James,Hoover,87.418269230769241,REG,2016
Santiago,Casilla,87.396480331262879,REG,2016
George,Farmer,87.394584139265049,REG,2016
Ariel,Miranda,87.366013071895409,REG,2016
Michael,Clevinger,87.354903943377167,REG,2016
Trevor,Bauer,87.324401913875548,REG,2016
Anthony,Zych,87.324324324324323,REG,2016
James,Johnson,87.317886932344777,REG,2016
Gavin,Floyd,87.2979166666667,REG,2016
Adam,Plutko,87.265822784810126,REG,2016
Ian,Krol,87.2564655172413,REG,2016
Chad,Qualls,87.219739292365,REG,2016
Rafael,Montero,87.202020202020222,REG,2016
Jason,Grilli,87.196296296296339,REG,2016
Hector,Neris,87.189458689458689,REG,2016
Jonathan,Holder,87.186206896551738,REG,2016
Fernando,Rodney,87.160909856781814,REG,2016
Zachary,Godley,87.091774891774918,REG,2016
Ryan,Garton,87.084985835694027,REG,2016
Glen,Perkins,87.083333333333314,REG,2016
Joakim,Soria,87.077750206782383,REG,2016
Matthew,Buschmann,87.062499999999986,REG,2016
Shawn,Kelley,87.059275521405013,REG,2016
Archie,Bradley,87.021689497716878,REG,2016
Alberto,Alburquerque,87.020833333333329,REG,2016
Colby,Cervenka,87.019280205655562,REG,2016
David,Norris,87.014050387596939,REG,2016
Matthew,Bowman,86.993524514338588,REG,2016
William,Wilson,86.993115318416471,REG,2016
Sean,Manaea,86.992297236067088,REG,2016
Luis,Guerra,86.977941176470566,REG,2016
Carson,Fulmer,86.968325791855179,REG,2016
Odrisamer,Despaigne,86.957798165137589,REG,2016
Corey,Knebel,86.948356807511757,REG,2016
Kirby,Yates,86.939172749391744,REG,2016
Leonel,Campos,86.926952141057924,REG,2016
Michael,Broadway,86.908045977011511,REG,2016
Ian,Kennedy,86.904817179338423,REG,2016
Ivan,Nova,86.893977947413092,REG,2016
Junichi,Tazawa,86.888888888888857,REG,2016
Jameson,Taillon,86.882096069869021,REG,2016
Dominic,Leone,86.863265306122457,REG,2016
Cody,Reed,86.820457018498416,REG,2016
Matthew,Moore,86.796499555028248,REG,2016
Tyler,Cravy,86.754385964912274,REG,2016
Christopher,Sale,86.752725186460168,REG,2016
Boone,Logan,86.747354497354564,REG,2016
Colton,Murray,86.733333333333363,REG,2016
Daniel,Farquhar,86.723529411764716,REG,2016
Phillip,Coke,86.721893491124248,REG,2016
Yu,Darvish,86.70577281191801,REG,2016
Bryan,Mitchell,86.695331695331717,REG,2016
Jeanmar,Gomez,86.693808312128937,REG,2016
Michael,Wacha,86.69059613769943,REG,2016
Matthew,Dermody,86.6393442622951,REG,2016
Luke,Hochevar,86.633333333333269,REG,2016
Justin,Chamberlain,86.617728531855946,REG,2016
Martin,Perez,86.600315457413259,REG,2016
Dylan,Bundy,86.599598595082739,REG,2016
Kevin,Siegrist,86.59539170506919,REG,2016
Christian,Bethancourt,86.590909090909079,REG,2016
Dayan,Diaz,86.588235294117638,REG,2016
German,Marquez,86.55742296918767,REG,2016
Vincent,Velasquez,86.557192374350151,REG,2016
Joseph,Wieland,86.556818181818187,REG,2016
Eric,O'Flaherty,86.555785123966984,REG,2016
Marc,Rzepczynski,86.555035128805628,REG,2016
Rubby,De La Rosa,86.549499443826477,REG,2016
David,Robertson,86.534514925373173,REG,2016
Jerome,Williams,86.5170068027211,REG,2016
Edubray,Ramos,86.5165876777252,REG,2016
Warwick,Saupold,86.515923566879,REG,2016
Raisel,Iglesias,86.510156250000009,REG,2016
Vance,Worley,86.507633587786245,REG,2016
Joseph,Ross,86.47169811320758,REG,2016
Matthew,Carasiti,86.468553459119491,REG,2016
Jeffrey,Locke,86.4598130841121,REG,2016
Jacob,Odorizzi,86.44197750148011,REG,2016
Luke,Weaver,86.422636103151845,REG,2016
Donald,Greinke,86.387771203155822,REG,2016
Yohan,Flande,86.387096774193552,REG,2016
Christopher,Withrow,86.375184638109275,REG,2016
Scott,Carroll,86.372093023255815,REG,2016
Bradley,Hand,86.369199731002013,REG,2016
Alex,Wimmers,86.347266881028943,REG,2016
Andrew,Chafin,86.345303867403373,REG,2016
Christopher,Stratton,86.339181286549689,REG,2016
Alexi,Ogando,86.3348909657321,REG,2016
Parker,Bridwell,86.333333333333329,REG,2016
Blake,Snell,86.3285957930643,REG,2016
Daniel,Jennings,86.323782234957008,REG,2016
Keyvius,Sampson,86.323529411764682,REG,2016
Blaine,Boyer,86.31691449814123,REG,2016
Steven,Okert,86.29411764705884,REG,2016
Jeffrey,Hoffman,86.293193717277461,REG,2016
Clayton,Kershaw,86.292972459639216,REG,2016
Roenis,Elias,86.281250000000028,REG,2016
Adam,Warren,86.260330578512352,REG,2016
Chaz,Roe,86.246887966804948,REG,2016
Brett,Cecil,86.22530329289431,REG,2016
Gabriel,Ynoa,86.199404761904773,REG,2016
Jesse,Hahn,86.1948579161028,REG,2016
Wilfredo,Boscan,86.188679245283012,REG,2016
William,Harris,86.174354243542439,REG,2016
Matthew,Magill,86.1627906976744,REG,2016
Steven,Brault,86.157121879588857,REG,2016
Christopher,Tillman,86.1558616056433,REG,2016
Colbert,Hamels,86.153478650343416,REG,2016
Carsten,Sabathia,86.1491769547325,REG,2016
Luke,Jackson,86.138888888888914,REG,2016
Carlos,Torres,86.13868613138682,REG,2016
Matthew,Strahm,86.129385964912316,REG,2016
Brian,Duensing,86.123809523809513,REG,2016
Phil,Klein,86.0918918918919,REG,2016
Christian,Bergman,86.086474501108626,REG,2016
Blake,Smith,86.07692307692308,REG,2016
Randall,Delgado,86.073646209386226,REG,2016
Jose,Leclerc,86.066666666666677,REG,2016
Adam,Conley,86.064834693001316,REG,2016
Edinson,Volquez,86.063049408911752,REG,2016
Brandon,Morrow,86.050000000000011,REG,2016
Thomas,Gorzelanny,86.041666666666671,REG,2016
Ross,Detwiler,86.016412661195787,REG,2016
Joseph,Nathan,85.9921875,REG,2016
Jacob,Lugo,85.987804878048721,REG,2016
Patrick,Corbin,85.984714400643668,REG,2016
Zac,Curtis,85.978260869565162,REG,2016
Chad,Bettis,85.963489499192292,REG,2016
George,Baumann,85.959537572254334,REG,2016
Steven,Matz,85.950738916256185,REG,2016
Matthew,Albers,85.9496248660236,REG,2016
Oliver,Drake,85.94295302013424,REG,2016
Brian,Matusz,85.941463414634143,REG,2016
Adam,Liberatore,85.9391069012179,REG,2016
Scott,Oberg,85.933184855233819,REG,2016
Jordan,Zimmermann,85.929057888762841,REG,2016
Nicholas,Vincent,85.900523560209379,REG,2016
John,Lackey,85.890463026952375,REG,2016
Brooks,Pounders,85.879844961240281,REG,2016
Frank,Herrmann,85.873287671232845,REG,2016
Erasmo,Ramirez,85.863994273443168,REG,2016
Andrew,Hayes,85.839195979899472,REG,2016
Anthony,Ranaudo,85.833860759493632,REG,2016
Aaron,Loup,85.821292775665384,REG,2016
Jarred,Cosart,85.817040358744435,REG,2016
Shawn,Morimando,85.816666666666663,REG,2016
Nathan,Karns,85.814750290360067,REG,2016
Adam,Achter,85.809773123909252,REG,2016
Brandon,Finnegan,85.805890227577066,REG,2016
Edwin,Jackson,85.80082987551873,REG,2016
Matthew,Wisler,85.787107043374448,REG,2016
Scott,Alexander,85.782089552238816,REG,2016
Antonio,Bastardo,85.781299524564176,REG,2016
Justin,Grimm,85.773462783171524,REG,2016
Jeffrey,Manship,85.764314247669773,REG,2016
Dustin,Molleken,85.7627118644068,REG,2016
Michael,Montgomery,85.759845061329813,REG,2016
Nicholas,Martinez,85.740685543964247,REG,2016
Wei-Yin,Chen,85.7389516957863,REG,2016
Noel,Salas,85.729534510433382,REG,2016
Andrew,Schugel,85.725748502994023,REG,2016
Travis,Wood,85.692974013474512,REG,2016
Trevor,Cahill,85.690295358649777,REG,2016
Dalier,Hinojosa,85.688172043010738,REG,2016
Johnny,Cueto,85.6804577464789,REG,2016
David,Hernandez,85.678678678678679,REG,2016
Zachary,Neal,85.664248704663223,REG,2016
Glenn,House,85.63636363636364,REG,2016
Andrew,Butera,85.63636363636364,REG,2016
Charles,Morton,85.6297577854671,REG,2016
Gerardo,Concepcion,85.608695652173921,REG,2016
Austin,Brice,85.608294930875573,REG,2016
Andrew,Heaney,85.5909090909091,REG,2016
Patrick,Dean,85.583829787234066,REG,2016
Hector,Santiago,85.581209702179834,REG,2016
Alfredo,Simon,85.580225498699079,REG,2016
Jonathan,Papelbon,85.533447684391035,REG,2016
Erik,Johnson,85.493006993006986,REG,2016
Donn,Roach,85.489130434782609,REG,2016
Tyson,Blach,85.487804878048763,REG,2016
Lucas,Harrell,85.487238979118359,REG,2016
Jose,Berrios,85.485785953177242,REG,2016
Matthew,Belisle,85.468023255813961,REG,2016
Jeffrey,Boshers,85.467272727272714,REG,2016
Cory,Gearrin,85.458885941644581,REG,2016
Jose,Quintana,85.4540094339622,REG,2016
Nicholas,Goody,85.452336448598132,REG,2016
Joseph,Musgrove,85.431749241658167,REG,2016
Michael,Leake,85.428467419002615,REG,2016
Anthony,Morris,85.3807106598985,REG,2016
Chase,Whitley,85.369747899159663,REG,2016
Drew,VerHagen,85.369444444444468,REG,2016
Masahiro,Tanaka,85.363209130580742,REG,2016
Dario,Alvarez,85.295983086680792,REG,2016
Tyler,Wagner,85.285714285714292,REG,2016
Thomas,Wilhelmsen,85.276393831553946,REG,2016
Xavier,Cedeno,85.275071633237843,REG,2016
Tanner,Roark,85.263233601841208,REG,2016
Chasen,Shreve,85.2612456747405,REG,2016
Steven,Hathaway,85.251937984496109,REG,2016
Michael,Pelfrey,85.191717077710564,REG,2016
Jose,Alvarez,85.1895633652822,REG,2016
Bradley,Peacock,85.1730382293763,REG,2016
Ryan,Vogelsong,85.169034090909065,REG,2016
Shawn,Tolleson,85.1434782608696,REG,2016
Jonathon,Niese,85.142087212150869,REG,2016
Michael,Mariot,85.132315521628541,REG,2016
David,Bailey,85.11875,REG,2016
Anthony,Barnette,85.112513144058866,REG,2016
Jose,De Leon,85.110032362459521,REG,2016
Drew,Storen,85.106981981982031,REG,2016
Cory,Luebke,85.093333333333348,REG,2016
Lucas,Gregerson,85.091441969519352,REG,2016
Miguel,Gonzalez,85.0856085145766,REG,2016
Sean,Burnett,85.078651685393254,REG,2016
Clayton,Richard,85.047619047619051,REG,2016
Felix,Hernandez,84.9681655391961,REG,2016
Joel,De La Cruz,84.959008579599583,REG,2016
Giovany,Gonzalez,84.943887147335332,REG,2016
George,Kontos,84.942098914354645,REG,2016
Taylor,Rogers,84.912573673870369,REG,2016
Kyle,Drabek,84.888888888888886,REG,2016
Eduardo,Escobar,84.875,REG,2016
Adalberto,Mejia,84.860465116279059,REG,2016
Caleb,Cotham,84.851441241685137,REG,2016
Rafael,Martin,84.847457627118658,REG,2016
David,Huff,84.837837837837839,REG,2016
Andrew,Hutchison,84.823113207547138,REG,2016
Samuel,Solis,84.821067821067786,REG,2016
Madison,Bumgarner,84.819879187259673,REG,2016
Andrew,Cole,84.817518248175119,REG,2016
Neil,Ramirez,84.8074534161491,REG,2016
Michael,Maness,84.7948207171315,REG,2016
Anthony,DeSclafani,84.793904208998569,REG,2016
Christopher,Bassitt,84.792233009708738,REG,2016
Frederick,Porcello,84.7642960812772,REG,2016
Tyler,Glasnow,84.74017467248909,REG,2016
Miguel,Socolovich,84.7375,REG,2016
Brandon,Cunniff,84.731250000000045,REG,2016
William,Cuevas,84.707070707070713,REG,2016
Mathew,Latos,84.681219110378919,REG,2016
James,Russell,84.666666666666657,REG,2016
Colin,Rea,84.6593767085839,REG,2016
Yovani,Gallardo,84.658321743161764,REG,2016
Jason,Hammel,84.641807494489271,REG,2016
Alexander,Gonzalez,84.6145038167939,REG,2016
Tyler,Danish,84.61363636363636,REG,2016
Zachary,Phillips,84.566371681415916,REG,2016
Daniel,Mengden,84.559822747415069,REG,2016
Daniel,Winkler,84.558823529411768,REG,2016
Michael,Roth,84.547619047619037,REG,2016
Francisco,Rodriguez,84.509635974304061,REG,2016
Darwin,Barney,84.5,REG,2016
Jharel,Cotton,84.482222222222234,REG,2016
Joseph,Blanton,84.469060351413276,REG,2016
Braden,Shipley,84.442434210526343,REG,2016
Alejandro,Ramos,84.414462081128747,REG,2016
Jhoulys,Chacin,84.413919413919345,REG,2016
Robert,Zastryzny,84.373015873015873,REG,2016
Kevin,Chapman,84.351351351351354,REG,2016
Jaime,Garcia,84.3459072048284,REG,2016
Peter,Moylan,84.344674556213036,REG,2016
Matthew,Cain,84.326289620882548,REG,2016
Kristopher,Medlen,84.299389002036619,REG,2016
Ervin,Santana,84.286690530426327,REG,2016
Tyler,Lyons,84.273255813953483,REG,2016
Thomas,Koehler,84.230600062833872,REG,2016
Steven,Putnam,84.223913043478234,REG,2016
Yohander,Mendez,84.213333333333324,REG,2016
Zachary,Eflin,84.201143946615815,REG,2016
Oliver,Perez,84.189445196211082,REG,2016
Tyler,Skaggs,84.1351648351648,REG,2016
Aaron,Blair,84.1254996003198,REG,2016
Timothy ,Adleman,84.125328659071,REG,2016
Brady,Rodgers,84.097435897435886,REG,2016
Andrew,Bailey,84.081534772182309,REG,2016
Jose,Campos,84.060975609756085,REG,2016
Derek,Law,84.052058111380148,REG,2016
Daniel,Coulombe,84.044776119402982,REG,2016
Elvis,Araujo,84.017331022530328,REG,2016
Matthew,Marksberry,84.0135135135135,REG,2016
Brandon,McCarthy,84.001371742112539,REG,2016
Alexi,Amarista,84.0,REG,2016
Andrew,Triggs,83.980042016806692,REG,2016
Albert,Suarez,83.979432624113443,REG,2016
Tyler,Duffey,83.970411663807909,REG,2016
Jake,Thompson,83.960375391032343,REG,2016
Steven,Cishek,83.947610294117581,REG,2016
Dallas,Keuchel,83.941088739746434,REG,2016
Erik,Goeddel,83.935582822085877,REG,2016
Kyle,Lobstein,83.93062200956939,REG,2016
Robert,Anderson,83.907918968692456,REG,2016
Joshua,Phegley,83.9,REG,2016
Joshua,Edgin,83.894736842105274,REG,2016
Tyrell,Jenkins,83.8851931330472,REG,2016
Scott,Verrett,83.857583230579564,REG,2016
Christopher,Narveson,83.8473282442748,REG,2016
Alec,Asher,83.812500000000014,REG,2016
Hyun-Jin,Ryu,83.808988764044955,REG,2016
Kyle,Gibson,83.80194552529187,REG,2016
Brock,Stewart,83.7992277992278,REG,2016
Matthew,Andriese,83.781039461020285,REG,2016
Bradley,Boxberger,83.759183673469366,REG,2016
Williams,Perez,83.739420935412028,REG,2016
Thomas,Stripling,83.720515970515962,REG,2016
Christian,Friedrich,83.710659898477189,REG,2016
Jedidiah,Bradley,83.704545454545453,REG,2016
Cesar,Vargas,83.6581059390048,REG,2016
Derek,Holland,83.656167979002532,REG,2016
Dana,Eveland,83.640425531914914,REG,2016
Ubaldo,Jimenez,83.6402486402486,REG,2016
Tony,Sipp,83.624525916561339,REG,2016
Colby,Lewis,83.621254946297213,REG,2016
Steven,Johnson,83.62012987012983,REG,2016
Philip,Wilson,83.6092715231789,REG,2016
Thomas,Pomeranz,83.593878954607888,REG,2016
Justin,Marks,83.570621468926547,REG,2016
Deolis,Guerra,83.562775330396491,REG,2016
Wade,Miley,83.546647747428139,REG,2016
Casey,Kelly,83.54241645244214,REG,2016
Scott,Kazmir,83.537712895377254,REG,2016
Greg,Mahle,83.528700906344483,REG,2016
Christopher,Rusin,83.514176245210777,REG,2016
Matthew,Boyd,83.498277841561475,REG,2016
Brett,Anderson,83.497716894977188,REG,2016
Tyler,Sturdevant,83.490842490842482,REG,2016
Christopher,Devenski,83.448828606658381,REG,2016
Noe,Ramirez,83.4173913043478,REG,2016
John,Gant,83.41571871768349,REG,2016
Scott,Feldman,83.408786299329876,REG,2016
Ryan,Dull,83.399373531714943,REG,2016
Dillon,Gee,83.386266094420577,REG,2016
Justin,Verlander,83.382502543235077,REG,2016
Philip,Hughes,83.344086021505433,REG,2016
James,Shields,83.329004329004249,REG,2016
Zachary,Duke,83.296618357487944,REG,2016
Andrew,Romine,83.294117647058812,REG,2016
Jason,Gurka,83.22981366459625,REG,2016
Todd,Smyly,83.220168067226837,REG,2016
James,Weber,83.213381555153688,REG,2016
Ryan,Webb,83.211221122112235,REG,2016
Ryan,Merritt,83.1937984496124,REG,2016
Julio,Teheran,83.150471238219183,REG,2016
Julio,Urias,83.138140161725062,REG,2016
Clay,Buchholz,83.136715391229515,REG,2016
Patrick,Neshek,83.128312412831249,REG,2016
Bartolo,Colon,83.121779859484818,REG,2016
Ruben,Tejada,83.10526315789474,REG,2016
Cory,Rasmus,83.084710743801665,REG,2016
Tyson,Ross,83.0808080808081,REG,2016
Tyler,Anderson,83.079017618793429,REG,2016
Justin,Nicolino,83.064593301435423,REG,2016
Jorge,De La Rosa,83.0505641454242,REG,2016
Ariel,Pena,83.043478260869563,REG,2016
Marco,Estrada,82.996153846153732,REG,2016
Timothy,Melville,82.990654205607484,REG,2016
David,Paulino,82.976923076923086,REG,2016
Tyler,Clippard,82.9732472324723,REG,2016
Richard,Bleier,82.972602739726042,REG,2016
Matthew,Shoemaker,82.897289041619032,REG,2016
Scott,Diamond,82.888888888888886,REG,2016
Matt,Grace,82.853658536585371,REG,2016
Richard,Parker,82.8092485549133,REG,2016
Robert,Wood,82.80638915779285,REG,2016
Jacob,Peavy,82.784725536992781,REG,2016
Paul,Clemens,82.7842190016103,REG,2016
William,Smith,82.7518573551263,REG,2016
Alexander,Cobb,82.746898263027276,REG,2016
Joel,Peralta,82.718446601941764,REG,2016
Vidal,Nuno,82.698132780083,REG,2016
Yusmeiro,Petit,82.678751258811644,REG,2016
Ryan,O'Rourke,82.673218673218628,REG,2016
Eric,Surkamp,82.666228646517709,REG,2016
Adrian,Sampson,82.612903225806463,REG,2016
Zachary,Davies,82.527464258841178,REG,2016
Adam,Wainwright,82.5242209194694,REG,2016
Dillon,Overton,82.444897959183649,REG,2016
Brian,White,82.411764705882348,REG,2016
Anibal,Sanchez,82.405918889294853,REG,2016
Robert,Whalen,82.360169491525411,REG,2016
Daniel,Straily,82.315607300188688,REG,2016
Michael,Blazek,82.303695150115516,REG,2016
Fernando,Abad,82.286608260325366,REG,2016
Huston,Street,82.28329297820828,REG,2016
Robert,Erlin,82.268292682926813,REG,2016
Kyle,Hendricks,82.25092748735257,REG,2016
Evan,Scribner,82.239583333333343,REG,2016
Craig,Breslow,82.168181818181822,REG,2016
Kyle,Ryan,82.095936794582371,REG,2016
Michael,Kirkman,82.093023255813947,REG,2016
Sean,O'Sullivan,82.088709677419374,REG,2016
Collin,McHugh,82.052008720024972,REG,2016
Jon,Moscot,82.020642201834889,REG,2016
Daniel,Stumpf,82.01869158878506,REG,2016
Andrew,Albers,82.003021148036268,REG,2016
Harold,Coleman,81.988004362050148,REG,2016
Carlos,Villanueva,81.978671041837529,REG,2016
Alex,Leon,81.9591836734694,REG,2016
Carlos,Nolasco,81.937480656143563,REG,2016
Roberto,Hernandez,81.933701657458542,REG,2016
Jeremy,Hellickson,81.917763157894811,REG,2016
Jake,Buchanan,81.860465116279073,REG,2016
Dean,Kiekhefer,81.852861035422336,REG,2016
Michael,Fiers,81.847285464098235,REG,2016
Joshua,Smith,81.844669117647086,REG,2016
Jacob,Esch,81.802690582959656,REG,2016
Christopher,Young,81.779377880184256,REG,2016
Hisashi,Iwakuma,81.751312335957891,REG,2016
Adam,Morgan,81.715618860510816,REG,2016
Douglas,Fister,81.69765166340521,REG,2016
Kevin,Quackenbush,81.687262357414525,REG,2016
Tomaso,Milone,81.664274322169,REG,2016
Franklin,Morales,81.600000000000009,REG,2016
Kenta,Maeda,81.588963210702488,REG,2016
Donnie,Hart,81.575091575091562,REG,2016
Christopher,Smith,81.520270270270245,REG,2016
Patrick,Schuster,81.486363636363635,REG,2016
Daniel,Wright,81.4797687861272,REG,2016
Timothy,Lincecum,81.461818181818145,REG,2016
Chad,Girodo,81.391891891891873,REG,2016
Brett,Oberholtzer,81.339075959279612,REG,2016
Ryan,Flaherty,81.3157894736842,REG,2016
Luis,Avilan,81.315634218289077,REG,2016
Jerry,Blevins,81.309459459459447,REG,2016
Michael,Bolsinger,81.307531380753147,REG,2016
Cody,Martin,81.26213592233006,REG,2016
Nicholas,Tropeano,81.234972677595636,REG,2016
Thomas,Layne,81.2305593451569,REG,2016
Darren,O'Day,81.224452554744559,REG,2016
Matthew,Reynolds,81.203125,REG,2016
Nicholas,Tepesch,81.191176470588246,REG,2016
John,Danks,81.180451127819566,REG,2016
Koji,Uehara,81.1010230179028,REG,2016
Taylor,Jungmann,81.035381750465532,REG,2016
Abel,De Los Santos,81.01709401709401,REG,2016
Sean,Gilmartin,80.945859872611464,REG,2016
Miguel,Montero,80.9032258064516,REG,2016
Cesar,Ramos,80.864999999999952,REG,2016
Jonathan,Aro,80.72727272727272,REG,2016
Jerad,Eickhoff,80.725305738476081,REG,2016
Javier,Lopez,80.711111111111109,REG,2016
Kyle,Crockett,80.692567567567565,REG,2016
Jayson,Aquino,80.515151515151516,REG,2016
Tyler,Ladendorf,80.500000000000014,REG,2016
Aaron,Nola,80.409090909090963,REG,2016
Wade,LeBlanc,80.25411522633749,REG,2016
Tyler,Olson,80.224489795918359,REG,2016
Arthur,Griffin,80.122169811320845,REG,2016
Kyle,Lohse,80.116751269035561,REG,2016
Cody,Ege,80.014285714285691,REG,2016
Joshua,Collmenter,79.891930835734868,REG,2016
Blaine,Hardy,79.852813852813853,REG,2016
Richard,Hill,79.827199999999991,REG,2016
Joseph,Smith,79.8080924855491,REG,2016
Jason,Vargas,79.77209302325582,REG,2016
Christopher,Capuano,79.763557483731049,REG,2016
Layne,Somsen,79.6774193548387,REG,2016
Robert,Scott,79.429999999999993,REG,2016
Joshua,Tomlin,79.4294456443485,REG,2016
James,Howell,79.122404371584679,REG,2016
Henry,Owens,78.977220956719847,REG,2016
Brad,Ziegler,78.930769230769158,REG,2016
John,Lamb,78.6150971599401,REG,2016
Christopher,Heston,78.2300884955752,REG,2016
Patrick,Venditte,78.05651105651107,REG,2016
Erik,Kratz,77.97727272727272,REG,2016
Joseph,Mantiply,77.971014492753639,REG,2016
Michael,Morin,77.900224215246638,REG,2016
Curtis,Partch,77.214285714285708,REG,2016
Luis,Sardinas,77.125,REG,2016
Taylor,Motter,77.0,REG,2016
Ryan,Goins,76.933333333333337,REG,2016
Alexander,Claudio,76.768187422934616,REG,2016
David,Hale,76.462962962962962,REG,2016
Sergio,Romo,75.920570264765828,REG,2016
Brent,Suter,75.740540540540536,REG,2016
Benjamin,Rowen,74.967741935483858,REG,2016
Jered,Weaver,74.2025230139789,REG,2016
Robert,Dickey,74.0341549295775,REG,2016
Steven,Wright,72.390965732087281,REG,2016
John,Holaday,71.166666666666657,REG,2016
Christopher,Gimenez,70.837209302325562,REG,2016
Eduardo,Gamboa,69.206751054852319,REG,2016
Tyler,Holt,65.0,REG,2016
Jared,Hoying,61.071428571428569,REG,2016
Ryan,LaMarre,25.333333333333336,REG,2016
,,0.0,REG,2016